,k_value,n_params,train_time,baseline_accuracy,noise_0.1,noise_0.2,noise_0.3,noise_0.1_std,noise_0.2_std,noise_0.3_std,bootstrap_mean,bootstrap_std
1,1,9,0.0019996166229248047,0.75,0.748,0.75,0.7346666666666667,0.01528979325490628,0.00557773351022718,0.007483314773547889,0.7409166666666668,0.02191666666666667
2,2,37,0.0175931453704834,0.7733333333333333,0.774,0.7633333333333333,0.7573333333333333,0.007717224601860146,0.009428090415820625,0.008000000000000007,0.7715000000000001,0.02979513383087916
3,3,93,0.0651235580444336,0.7733333333333333,0.7779999999999999,0.7613333333333333,0.7666666666666666,0.002666666666666689,0.008055363982396363,0.010540925533894603,0.773,0.026916021664098542
4,4,163,0.12338662147521973,0.7733333333333333,0.772,0.7593333333333334,0.762,0.008055363982396363,0.006798692684790376,0.016138291249213597,0.7749999999999999,0.024832774042918903
5,5,219,0.18426513671875,0.7733333333333333,0.7686666666666666,0.7633333333333333,0.7586666666666666,0.004521553322083492,0.015491933384829648,0.00884433277428108,0.7715000000000001,0.026038966526684155
6,6,247,0.21709203720092773,0.7733333333333333,0.7713333333333333,0.7673333333333334,0.7546666666666667,0.00858939915115009,0.01103529690483123,0.014996295838936,0.7740833333333333,0.02428548377575012
7,7,255,0.23315072059631348,0.7733333333333333,0.7713333333333334,0.7686666666666666,0.7493333333333333,0.005811865258054236,0.0054160256030906205,0.01041366623454222,0.7779166666666667,0.022380081669992977
8,8,256,0.22971820831298828,0.7733333333333333,0.7686666666666667,0.7673333333333334,0.7513333333333334,0.007483314773547842,0.006798692684790358,0.010666666666666698,0.7759166666666667,0.026539933224398956
