,k_value,n_params,train_time,baseline_accuracy,noise_0.1,noise_0.2,noise_0.3,noise_0.1_std,noise_0.2_std,noise_0.3_std,bootstrap_mean,bootstrap_std
1,1,10,0.03345656394958496,0.6865899214759472,0.6865746740870626,0.6854768620873676,0.683784401921171,0.0004276070339980087,0.0005478461301584764,0.0006696711521231251,0.6868413779959022,0.002910071173512014
2,2,46,0.16904282569885254,0.689525043836243,0.6905466188915147,0.6891057406419151,0.6864298238926583,0.00023174024782448028,0.0005439066549283449,0.0005630189963448266,0.6888178396149998,0.002989007884123074
3,3,130,0.6991806030273438,0.6939467866127925,0.6937104520850804,0.6912403750857665,0.6875352595867957,0.00016244015973668872,0.0005765852070195741,0.00067563311858212,0.6943117167770525,0.0033142875210678234
4,4,256,4.231324911117554,0.6944804452237554,0.6935732255851185,0.6905542425859571,0.6850346878097126,0.0002008376895985251,0.0006995544558636605,0.0006700182219324534,0.6939934245008815,0.002500315946507885
5,5,382,9.320544719696045,0.69505222230693,0.6931310513074636,0.6883128764199131,0.6811618510330105,0.0005568950939314978,0.0018946682985941212,0.0014815488504711166,0.695260875780245,0.0036036056984513295
6,6,466,12.667070150375366,0.6939467866127925,0.6937638179461767,0.6902797895860334,0.6821986734771671,0.000234234832594925,0.0008673606863354716,0.0010578545666369264,0.6940601324629533,0.0032696285303326395
7,7,502,18.25785756111145,0.6944423267515438,0.6935960966684455,0.6879774338644509,0.6774491118395974,0.0005306003702464192,0.0006044392663845288,0.0007432222372160661,0.6950293038547674,0.0026903009515261075
8,8,511,20.29358220100403,0.6943279713349089,0.6932454067240985,0.6878020888922772,0.6794846382556987,0.0006825655038682053,0.0004732834701583684,0.0005913156797946457,0.6945795015962263,0.0030271343346345483
9,9,512,29.886197566986084,0.6944804452237554,0.6940230235572159,0.6908820614469772,0.6853472592818479,0.0006831612965531789,0.0013979868483499885,0.0008073920740946256,0.694021060656597,0.0031272126976419883
