,k_value,n_params,train_time,baseline_accuracy,noise_0.1,noise_0.2,noise_0.3,noise_0.1_std,noise_0.2_std,noise_0.3_std,bootstrap_mean,bootstrap_std
1,1,5,1.3242993354797363,1.0,1.0,1.0,0.9995931993923739,0.0,0.0,4.560742970876372e-05,1.0,0.0
2,2,11,2.9008936882019043,1.0,1.0,1.0,0.9995674525184735,0.0,0.0,4.873048881838352e-05,1.0,0.0
3,3,15,4.155040979385376,1.0,1.0,0.9999982835417398,0.9995537208523931,0.0,3.4329165200741586e-06,4.025451436952946e-05,1.0,0.0
4,4,16,4.507918834686279,1.0,1.0,0.9999982835417398,0.9995743183515134,0.0,3.4329165200741586e-06,5.6565047943376995e-05,1.0,0.0
