,k_value,n_params,train_time,baseline_accuracy,noise_0.1,noise_0.2,noise_0.3,noise_0.1_std,noise_0.2_std,noise_0.3_std,bootstrap_mean,bootstrap_std
1,1,9,0.0010001659393310547,0.76,0.756,0.7493333333333334,0.7513333333333334,0.0048989794855663574,0.0077172246018601676,0.015860503004493758,0.7589166666666668,0.028198330328821488
2,2,37,0.008004903793334961,0.76,0.7626666666666667,0.7633333333333333,0.76,0.010413666234542178,0.013984117975602004,0.009660917830792967,0.7623333333333333,0.02879477190201181
3,3,93,0.011004447937011719,0.7566666666666667,0.7706666666666666,0.7573333333333333,0.7460000000000001,0.005734883511361734,0.0071180521680208764,0.013063945294843594,0.757,0.02911233033918408
4,4,163,0.01799941062927246,0.7666666666666667,0.7713333333333333,0.76,0.7566666666666667,0.008055363982396377,0.008164965809277286,0.007888106377466158,0.7678333333333335,0.021506458978125108
5,5,219,0.027004241943359375,0.7633333333333333,0.764,0.77,0.7546666666666667,0.0053333333333333175,0.009189365834726801,0.010022197585581944,0.76075,0.02490384285384263
6,6,247,0.029999256134033203,0.7633333333333333,0.7699999999999999,0.7579999999999999,0.7659999999999999,0.005577733510227141,0.011274356350191809,0.010198039027185548,0.7676666666666666,0.025894551121380307
7,7,255,0.03399801254272461,0.7633333333333333,0.7606666666666666,0.7673333333333334,0.7666666666666667,0.005333333333333359,0.008537498983243791,0.010327955589886426,0.758,0.026005341331691408
8,8,256,0.03363633155822754,0.7633333333333333,0.7620000000000001,0.7653333333333332,0.7546666666666667,0.0074833147735478495,0.003399346342395203,0.012754084313139343,0.7612500000000001,0.027891779951965925
