,k_value,n_params,train_time,baseline_accuracy,noise_0.1,noise_0.2,noise_0.3,noise_0.1_std,noise_0.2_std,noise_0.3_std,bootstrap_mean,bootstrap_std
1,1,9,0.00099945068359375,0.7466666666666667,0.7426666666666667,0.7426666666666667,0.7453333333333334,0.005734883511361773,0.008273115763993904,0.016000000000000014,0.7383333333333333,0.02336307628146031
2,2,37,0.03058338165283203,0.7766666666666666,0.7726666666666666,0.752,0.7466666666666666,0.01254325848148451,0.011850925889754126,0.020221001184137465,0.7805833333333334,0.022041784813798034
3,3,93,0.04578256607055664,0.76,0.7586666666666667,0.748,0.728,0.015999999999999966,0.016411378166788233,0.015434449203720288,0.7653333333333333,0.0276063599757576
4,4,163,0.12726354598999023,0.7866666666666666,0.766,0.7526666666666666,0.704,0.010624918300339486,0.017048949136725864,0.0159721980676146,0.7823333333333333,0.026201145013147797
5,5,219,0.08351755142211914,0.76,0.7513333333333334,0.7486666666666666,0.7266666666666667,0.01469693845669904,0.01309792180292566,0.012823589374447553,0.7644999999999998,0.024766128302807267
6,6,247,0.16363215446472168,0.77,0.76,0.752,0.734,0.005577733510227193,0.017461067804945038,0.007423685817106704,0.7751666666666667,0.026718179412361
7,7,255,0.26083993911743164,0.7766666666666666,0.7446666666666666,0.7346666666666668,0.7066666666666668,0.008055363982396384,0.010456258094238753,0.016193277068654845,0.779,0.027258535870031204
8,8,256,0.20468568801879883,0.7666666666666667,0.7506666666666667,0.7446666666666667,0.7273333333333334,0.006110100926607821,0.015434449203720321,0.009285592184789413,0.7681666666666664,0.02572234221234313
