,k_value,n_params,train_time,baseline_accuracy,noise_0.1,noise_0.2,noise_0.3,noise_0.1_std,noise_0.2_std,noise_0.3_std,bootstrap_mean,bootstrap_std
1,1,5,0.0010006427764892578,0.7937743190661478,0.795330739299611,0.7945525291828794,0.7992217898832685,0.007216823731903291,0.006694416550227748,0.011169416415881192,0.7919024390243902,0.030410399298345794
2,2,11,0.0019986629486083984,0.8093385214007782,0.8070038910505837,0.8054474708171206,0.7945525291828794,0.001906217698663945,0.004262432354125791,0.008309010312864847,0.805658536585366,0.024630233932250938
3,3,15,0.002002716064453125,0.8093385214007782,0.8038910505836576,0.8046692607003891,0.7961089494163425,0.00527807780787961,0.007936217141778668,0.005278077807879614,0.8048780487804876,0.028443667779733152
4,4,16,0.001997709274291992,0.8093385214007782,0.8093385214007782,0.8062256809338522,0.8007782101167316,0.0024609164670570957,0.0029117956317306834,0.017643243655649225,0.8069268292682927,0.025405035404705414
