,k_value,n_params,train_time,baseline_accuracy,noise_0.1,noise_0.2,noise_0.3,noise_0.1_std,noise_0.2_std,noise_0.3_std,bootstrap_mean,bootstrap_std
1,1,6,0.0030815601348876953,1.0,1.0,1.0,0.999562363238512,0.0,0.0,0.0008752735229759167,1.0,0.0
2,2,16,0.006000041961669922,1.0,1.0,1.0,0.9986870897155361,0.0,0.0,0.0010719867583296023,1.0,0.0
3,3,26,0.009999752044677734,1.0,1.0,1.0,0.9991247264770241,0.0,0.0,0.0010719867583296023,1.0,0.0
4,4,31,0.011997222900390625,1.0,1.0,1.0,1.0,0.0,0.0,0.0,1.0,0.0
5,5,32,0.014066219329833984,1.0,1.0,1.0,0.999562363238512,0.0,0.0,0.0008752735229759167,1.0,0.0
