,k_value,n_params,train_time,baseline_accuracy,noise_0.1,noise_0.2,noise_0.3,noise_0.1_std,noise_0.2_std,noise_0.3_std,bootstrap_mean,bootstrap_std
1,1,6,0.0019986629486083984,1.0,1.0,1.0,0.999562363238512,0.0,0.0,0.0008752735229759167,1.0,0.0
2,2,16,0.01199960708618164,1.0,1.0,1.0,0.999562363238512,0.0,0.0,0.0008752735229759167,1.0,0.0
3,3,26,0.01199960708618164,1.0,1.0,1.0,0.999562363238512,0.0,0.0,0.0008752735229759167,1.0,0.0
4,4,31,0.013051748275756836,1.0,1.0,1.0,0.9991247264770241,0.0,0.0,0.0010719867583296023,1.0,0.0
5,5,32,0.014049530029296875,1.0,1.0,1.0,1.0,0.0,0.0,0.0,1.0,0.0
