,k_value,n_params,train_time,baseline_accuracy,noise_0.1,noise_0.2,noise_0.3,noise_0.1_std,noise_0.2_std,noise_0.3_std,bootstrap_mean,bootstrap_std
1,1,5,0.0014047622680664062,0.8015564202334631,0.8031128404669261,0.8,0.796887159533074,0.014264827066010385,0.0058235912634614145,0.015049867397520397,0.8006829268292682,0.03579317945390424
2,2,11,0.0030002593994140625,0.8132295719844358,0.8132295719844358,0.8054474708171206,0.8155642023346305,0.004262432354125791,0.006510972969136752,0.014050949482698666,0.815219512195122,0.025208517677049586
3,3,15,0.0029997825622558594,0.8132295719844358,0.8163424124513619,0.8108949416342413,0.8007782101167316,0.005718653095991835,0.003968108570889313,0.009008433387385401,0.8183414634146342,0.02679927369894928
4,4,16,0.003298044204711914,0.8132295719844358,0.8178988326848249,0.8093385214007782,0.8007782101167316,0.0038124353973278896,0.0034802614435794268,0.01190432571266798,0.8098536585365852,0.024729157515165655
