,k_value,n_params,train_time,baseline_accuracy,noise_0.1,noise_0.2,noise_0.3,noise_0.1_std,noise_0.2_std,noise_0.3_std,bootstrap_mean,bootstrap_std
1,1,5,0.002000093460083008,0.8132295719844358,0.8054474708171206,0.8031128404669261,0.7976653696498055,0.004262432354125791,0.009719841242643409,0.004262432354125832,0.8159024390243901,0.027103871847496616
2,2,11,0.0020973682403564453,0.8171206225680934,0.8178988326848249,0.8093385214007782,0.8093385214007782,0.005162061930514222,0.005502776507288288,0.010146618529498292,0.8250731707317074,0.021507936086329487
3,3,15,0.002001047134399414,0.8093385214007782,0.8116731517509728,0.8140077821011673,0.798443579766537,0.005278077807879568,0.006225680933852119,0.008309010312864847,0.8077073170731707,0.02965741332917876
4,4,16,0.0019998550415039062,0.8093385214007782,0.8124513618677043,0.8101167315175097,0.8077821011673152,0.005162061930514223,0.006694416550227701,0.007216823731903245,0.8046829268292685,0.026448922636391398
