,k_value,n_params,train_time,baseline_accuracy,noise_0.1,noise_0.2,noise_0.3,noise_0.1_std,noise_0.2_std,noise_0.3_std,bootstrap_mean,bootstrap_std
1,1,5,0.20624947547912598,1.0,1.0,1.0,0.9997768604261965,0.0,0.0,3.0221366234940338e-05,1.0,0.0
2,2,11,0.34551072120666504,1.0,1.0,1.0,0.9996670070975548,0.0,0.0,6.980732552688727e-05,1.0,0.0
3,3,15,0.4725637435913086,1.0,1.0,1.0,0.9996893210549352,0.0,0.0,4.55427841345381e-05,1.0,0.0
4,4,16,0.5656495094299316,1.0,1.0,1.0,0.9996858881384153,0.0,0.0,4.4627914760703585e-05,1.0,0.0
