,k_value,n_params,train_time,baseline_accuracy,noise_0.1,noise_0.2,noise_0.3,noise_0.1_std,noise_0.2_std,noise_0.3_std,bootstrap_mean,bootstrap_std
1,1,10,0.030579090118408203,0.6866280399481589,0.686841503392544,0.6858961652816955,0.6829686666158421,0.0003708282841203433,0.0007621406990824858,0.0006571430034157,0.6870415018821175,0.0033973834464193086
2,2,46,0.17546820640563965,0.689525043836243,0.6897613783639552,0.6888007928642221,0.6875810017534497,0.0004375495876277215,0.0008560970977284326,0.00034517744675373476,0.6894267880116262,0.002826936374568647
3,3,130,0.686978816986084,0.6937561942517344,0.6936799573073112,0.6910269116413815,0.6873599146146223,0.0003340535534071374,0.0012467945683005295,0.000688837813407134,0.6931300328774956,0.0031477198204463135
4,4,256,3.0322389602661133,0.6943660898071206,0.6941831211405047,0.6917740336967294,0.6898147442250513,0.00020227947185210972,0.0005232098783799186,0.0010785843826379379,0.6945204174012484,0.003329065045173431
5,5,382,5.994743824005127,0.6948235114736602,0.6941526263627354,0.6924449188076542,0.6886178241976062,0.00019376785891802022,0.0006330880381802781,0.0012483785100266401,0.6944651450898174,0.0029055582249265756
6,6,466,11.260892629623413,0.6948616299458718,0.6945033163070824,0.6932072882518868,0.6897537546695129,0.00030361069988167806,0.0009453381108484943,0.0015155628439172486,0.6946662219469195,0.0032429301033408543
7,7,502,15.464031457901001,0.69505222230693,0.6947320271403522,0.6934512464740414,0.689288709308531,0.0002405997383252144,0.0006668009333131064,0.0011169167688839037,0.6944727688569113,0.0031781150447281184
8,8,511,17.596383810043335,0.69505222230693,0.6945033163070825,0.6932606541129831,0.6898376153083784,0.0001697877369163733,0.0008520139404405546,0.0004907670028034133,0.6955181779196647,0.0033509410565689905
9,9,512,28.054468393325806,0.69505222230693,0.694518563695967,0.6928184798353282,0.6893192040863002,0.00023373804554022626,0.0013544882986731865,0.0006985567546820603,0.6952275217992091,0.0030528375875718623
